{
  "model_config": {
    "model": "efficientnet_b2",
    "img_size": 384,
    "checkpoint": "runs/lr_0.0001/best_model.pt"
  },
  "split": "test",
  "pneumonia_class_idx": 1,
  "optimal_thresholds": {
    "max_recall": {
      "threshold": 0.05,
      "recall": 1.0,
      "precision": 0.9508928571428571,
      "specificity": 0.8674698795180723,
      "f1": 0.9748283752860412,
      "youden_index": 0.8674698795180724,
      "tp": 213,
      "fp": 11,
      "fn": 0,
      "tn": 72
    },
    "balanced_f1": {
      "threshold": 0.25000000000000006,
      "recall": 0.9953051643192489,
      "precision": 0.9953051643192489,
      "specificity": 0.9879518072289156,
      "f1": 0.9953051643192489,
      "youden_index": 0.9832569715481645,
      "tp": 212,
      "fp": 1,
      "fn": 1,
      "tn": 82
    },
    "max_youden": {
      "threshold": 0.25000000000000006,
      "recall": 0.9953051643192489,
      "precision": 0.9953051643192489,
      "specificity": 0.9879518072289156,
      "f1": 0.9953051643192489,
      "youden_index": 0.9832569715481645,
      "tp": 212,
      "fp": 1,
      "fn": 1,
      "tn": 82
    },
    "high_precision": {
      "threshold": 0.05,
      "recall": 1.0,
      "precision": 0.9508928571428571,
      "specificity": 0.8674698795180723,
      "f1": 0.9748283752860412,
      "youden_index": 0.8674698795180724,
      "tp": 213,
      "fp": 11,
      "fn": 0,
      "tn": 72
    },
    "min_miss": {
      "threshold": 0.25000000000000006,
      "recall": 0.9953051643192489,
      "precision": 0.9953051643192489,
      "specificity": 0.9879518072289156,
      "f1": 0.9953051643192489,
      "youden_index": 0.9832569715481645,
      "tp": 212,
      "fp": 1,
      "fn": 1,
      "tn": 82
    }
  },
  "all_results": [
    {
      "threshold": 0.05,
      "recall": 1.0,
      "precision": 0.9508928571428571,
      "specificity": 0.8674698795180723,
      "f1": 0.9748283752860412,
      "youden_index": 0.8674698795180724,
      "tp": 213,
      "fp": 11,
      "fn": 0,
      "tn": 72
    },
    {
      "threshold": 0.07500000000000001,
      "recall": 1.0,
      "precision": 0.9551569506726457,
      "specificity": 0.8795180722891566,
      "f1": 0.9770642201834863,
      "youden_index": 0.8795180722891565,
      "tp": 213,
      "fp": 10,
      "fn": 0,
      "tn": 73
    },
    {
      "threshold": 0.10000000000000002,
      "recall": 1.0,
      "precision": 0.9594594594594594,
      "specificity": 0.891566265060241,
      "f1": 0.9793103448275862,
      "youden_index": 0.891566265060241,
      "tp": 213,
      "fp": 9,
      "fn": 0,
      "tn": 74
    },
    {
      "threshold": 0.12500000000000003,
      "recall": 1.0,
      "precision": 0.9638009049773756,
      "specificity": 0.9036144578313253,
      "f1": 0.9815668202764977,
      "youden_index": 0.9036144578313254,
      "tp": 213,
      "fp": 8,
      "fn": 0,
      "tn": 75
    },
    {
      "threshold": 0.15000000000000002,
      "recall": 1.0,
      "precision": 0.9638009049773756,
      "specificity": 0.9036144578313253,
      "f1": 0.9815668202764977,
      "youden_index": 0.9036144578313254,
      "tp": 213,
      "fp": 8,
      "fn": 0,
      "tn": 75
    },
    {
      "threshold": 0.17500000000000004,
      "recall": 0.9953051643192489,
      "precision": 0.9724770642201835,
      "specificity": 0.927710843373494,
      "f1": 0.9837587006960558,
      "youden_index": 0.923016007692743,
      "tp": 212,
      "fp": 6,
      "fn": 1,
      "tn": 77
    },
    {
      "threshold": 0.20000000000000007,
      "recall": 0.9953051643192489,
      "precision": 0.9814814814814815,
      "specificity": 0.9518072289156626,
      "f1": 0.9883449883449883,
      "youden_index": 0.9471123932349115,
      "tp": 212,
      "fp": 4,
      "fn": 1,
      "tn": 79
    },
    {
      "threshold": 0.22500000000000003,
      "recall": 0.9953051643192489,
      "precision": 0.9906542056074766,
      "specificity": 0.9759036144578314,
      "f1": 0.9929742388758782,
      "youden_index": 0.9712087787770802,
      "tp": 212,
      "fp": 2,
      "fn": 1,
      "tn": 81
    },
    {
      "threshold": 0.25000000000000006,
      "recall": 0.9953051643192489,
      "precision": 0.9953051643192489,
      "specificity": 0.9879518072289156,
      "f1": 0.9953051643192489,
      "youden_index": 0.9832569715481645,
      "tp": 212,
      "fp": 1,
      "fn": 1,
      "tn": 82
    },
    {
      "threshold": 0.2750000000000001,
      "recall": 0.9953051643192489,
      "precision": 0.9953051643192489,
      "specificity": 0.9879518072289156,
      "f1": 0.9953051643192489,
      "youden_index": 0.9832569715481645,
      "tp": 212,
      "fp": 1,
      "fn": 1,
      "tn": 82
    },
    {
      "threshold": 0.3000000000000001,
      "recall": 0.9953051643192489,
      "precision": 0.9953051643192489,
      "specificity": 0.9879518072289156,
      "f1": 0.9953051643192489,
      "youden_index": 0.9832569715481645,
      "tp": 212,
      "fp": 1,
      "fn": 1,
      "tn": 82
    },
    {
      "threshold": 0.32500000000000007,
      "recall": 0.9906103286384976,
      "precision": 0.9952830188679245,
      "specificity": 0.9879518072289156,
      "f1": 0.9929411764705881,
      "youden_index": 0.9785621358674133,
      "tp": 211,
      "fp": 1,
      "fn": 2,
      "tn": 82
    },
    {
      "threshold": 0.3500000000000001,
      "recall": 0.9906103286384976,
      "precision": 0.9952830188679245,
      "specificity": 0.9879518072289156,
      "f1": 0.9929411764705881,
      "youden_index": 0.9785621358674133,
      "tp": 211,
      "fp": 1,
      "fn": 2,
      "tn": 82
    },
    {
      "threshold": 0.3750000000000001,
      "recall": 0.9906103286384976,
      "precision": 0.9952830188679245,
      "specificity": 0.9879518072289156,
      "f1": 0.9929411764705881,
      "youden_index": 0.9785621358674133,
      "tp": 211,
      "fp": 1,
      "fn": 2,
      "tn": 82
    },
    {
      "threshold": 0.4000000000000001,
      "recall": 0.9859154929577465,
      "precision": 0.995260663507109,
      "specificity": 0.9879518072289156,
      "f1": 0.9905660377358492,
      "youden_index": 0.973867300186662,
      "tp": 210,
      "fp": 1,
      "fn": 3,
      "tn": 82
    },
    {
      "threshold": 0.4250000000000001,
      "recall": 0.9812206572769953,
      "precision": 0.9952380952380953,
      "specificity": 0.9879518072289156,
      "f1": 0.9881796690307328,
      "youden_index": 0.969172464505911,
      "tp": 209,
      "fp": 1,
      "fn": 4,
      "tn": 82
    },
    {
      "threshold": 0.4500000000000001,
      "recall": 0.9812206572769953,
      "precision": 0.9952380952380953,
      "specificity": 0.9879518072289156,
      "f1": 0.9881796690307328,
      "youden_index": 0.969172464505911,
      "tp": 209,
      "fp": 1,
      "fn": 4,
      "tn": 82
    },
    {
      "threshold": 0.47500000000000014,
      "recall": 0.9812206572769953,
      "precision": 0.9952380952380953,
      "specificity": 0.9879518072289156,
      "f1": 0.9881796690307328,
      "youden_index": 0.969172464505911,
      "tp": 209,
      "fp": 1,
      "fn": 4,
      "tn": 82
    },
    {
      "threshold": 0.5000000000000002,
      "recall": 0.9812206572769953,
      "precision": 0.9952380952380953,
      "specificity": 0.9879518072289156,
      "f1": 0.9881796690307328,
      "youden_index": 0.969172464505911,
      "tp": 209,
      "fp": 1,
      "fn": 4,
      "tn": 82
    },
    {
      "threshold": 0.5250000000000001,
      "recall": 0.9812206572769953,
      "precision": 0.9952380952380953,
      "specificity": 0.9879518072289156,
      "f1": 0.9881796690307328,
      "youden_index": 0.969172464505911,
      "tp": 209,
      "fp": 1,
      "fn": 4,
      "tn": 82
    },
    {
      "threshold": 0.5500000000000003,
      "recall": 0.9765258215962441,
      "precision": 1.0,
      "specificity": 1.0,
      "f1": 0.98812351543943,
      "youden_index": 0.976525821596244,
      "tp": 208,
      "fp": 0,