{
  "model_config": {
    "model": "efficientnet_b2",
    "img_size": 384,
    "checkpoint": "runs/aug_aggressive/best_model.pt"
  },
  "split": "test",
  "pneumonia_class_idx": 1,
  "optimal_thresholds": {
    "max_recall": {
      "threshold": 0.05,
      "recall": 0.9906103286384976,
      "precision": 0.9678899082568807,
      "specificity": 0.9156626506024096,
      "f1": 0.9791183294663572,
      "youden_index": 0.9062729792409072,
      "tp": 211,
      "fp": 7,
      "fn": 2,
      "tn": 76
    },
    "balanced_f1": {
      "threshold": 0.15000000000000002,
      "recall": 0.9906103286384976,
      "precision": 0.9813953488372092,
      "specificity": 0.9518072289156626,
      "f1": 0.9859813084112149,
      "youden_index": 0.9424175575541602,
      "tp": 211,
      "fp": 4,
      "fn": 2,
      "tn": 79
    },
    "max_youden": {
      "threshold": 0.5250000000000001,
      "recall": 0.971830985915493,
      "precision": 0.9951923076923077,
      "specificity": 0.9879518072289156,
      "f1": 0.983372921615202,
      "youden_index": 0.9597827931444085,
      "tp": 207,
      "fp": 1,
      "fn": 6,
      "tn": 82
    },
    "high_precision": {
      "threshold": 0.05,
      "recall": 0.9906103286384976,
      "precision": 0.9678899082568807,
      "specificity": 0.9156626506024096,
      "f1": 0.9791183294663572,
      "youden_index": 0.9062729792409072,
      "tp": 211,
      "fp": 7,
      "fn": 2,
      "tn": 76
    },
    "min_miss": {
      "threshold": 0.15000000000000002,
      "recall": 0.9906103286384976,
      "precision": 0.9813953488372092,
      "specificity": 0.9518072289156626,
      "f1": 0.9859813084112149,
      "youden_index": 0.9424175575541602,
      "tp": 211,
      "fp": 4,
      "fn": 2,
      "tn": 79
    }
  },
  "all_results": [
    {
      "threshold": 0.05,
      "recall": 0.9906103286384976,
      "precision": 0.9678899082568807,
      "specificity": 0.9156626506024096,
      "f1": 0.9791183294663572,
      "youden_index": 0.9062729792409072,
      "tp": 211,
      "fp": 7,
      "fn": 2,
      "tn": 76
    },
    {
      "threshold": 0.07500000000000001,
      "recall": 0.9906103286384976,
      "precision": 0.9723502304147466,
      "specificity": 0.927710843373494,
      "f1": 0.9813953488372094,
      "youden_index": 0.9183211720119915,
      "tp": 211,
      "fp": 6,
      "fn": 2,
      "tn": 77
    },
    {
      "threshold": 0.10000000000000002,
      "recall": 0.9906103286384976,
      "precision": 0.9723502304147466,
      "specificity": 0.927710843373494,
      "f1": 0.9813953488372094,
      "youden_index": 0.9183211720119915,
      "tp": 211,
      "fp": 6,
      "fn": 2,
      "tn": 77
    },
    {
      "threshold": 0.12500000000000003,
      "recall": 0.9906103286384976,
      "precision": 0.9768518518518519,
      "specificity": 0.9397590361445783,
      "f1": 0.9836829836829837,
      "youden_index": 0.930369364783076,
      "tp": 211,
      "fp": 5,
      "fn": 2,
      "tn": 78
    },
    {
      "threshold": 0.15000000000000002,
      "recall": 0.9906103286384976,
      "precision": 0.9813953488372092,
      "specificity": 0.9518072289156626,
      "f1": 0.9859813084112149,
      "youden_index": 0.9424175575541602,
      "tp": 211,
      "fp": 4,
      "fn": 2,
      "tn": 79
    },
    {
      "threshold": 0.17500000000000004,
      "recall": 0.9906103286384976,
      "precision": 0.9813953488372092,
      "specificity": 0.9518072289156626,
      "f1": 0.9859813084112149,
      "youden_index": 0.9424175575541602,
      "tp": 211,
      "fp": 4,
      "fn": 2,
      "tn": 79
    },
    {
      "threshold": 0.20000000000000007,
      "recall": 0.9906103286384976,
      "precision": 0.9813953488372092,
      "specificity": 0.9518072289156626,
      "f1": 0.9859813084112149,
      "youden_index": 0.9424175575541602,
      "tp": 211,
      "fp": 4,
      "fn": 2,
      "tn": 79
    },
    {
      "threshold": 0.22500000000000003,
      "recall": 0.9859154929577465,
      "precision": 0.9859154929577465,
      "specificity": 0.963855421686747,
      "f1": 0.9859154929577465,
      "youden_index": 0.9497709146444935,
      "tp": 210,
      "fp": 3,
      "fn": 3,
      "tn": 80
    },
    {
      "threshold": 0.25000000000000006,
      "recall": 0.9859154929577465,
      "precision": 0.9859154929577465,
      "specificity": 0.963855421686747,
      "f1": 0.9859154929577465,
      "youden_index": 0.9497709146444935,
      "tp": 210,
      "fp": 3,
      "fn": 3,
      "tn": 80
    },
    {
      "threshold": 0.2750000000000001,
      "recall": 0.9812206572769953,
      "precision": 0.9858490566037735,
      "specificity": 0.963855421686747,
      "f1": 0.9835294117647059,
      "youden_index": 0.9450760789637422,
      "tp": 209,
      "fp": 3,
      "fn": 4,
      "tn": 80
    },
    {
      "threshold": 0.3000000000000001,
      "recall": 0.9812206572769953,
      "precision": 0.990521327014218,
      "specificity": 0.9759036144578314,
      "f1": 0.9858490566037736,
      "youden_index": 0.9571242717348265,
      "tp": 209,
      "fp": 2,
      "fn": 4,
      "tn": 81
    },
    {
      "threshold": 0.32500000000000007,
      "recall": 0.9812206572769953,
      "precision": 0.990521327014218,
      "specificity": 0.9759036144578314,
      "f1": 0.9858490566037736,
      "youden_index": 0.9571242717348265,
      "tp": 209,
      "fp": 2,
      "fn": 4,
      "tn": 81
    },
    {
      "threshold": 0.3500000000000001,
      "recall": 0.9765258215962441,
      "precision": 0.9904761904761905,
      "specificity": 0.9759036144578314,
      "f1": 0.9834515366430261,
      "youden_index": 0.9524294360540755,
      "tp": 208,
      "fp": 2,
      "fn": 5,
      "tn": 81
    },
    {
      "threshold": 0.3750000000000001,
      "recall": 0.9765258215962441,
      "precision": 0.9904761904761905,
      "specificity": 0.9759036144578314,
      "f1": 0.9834515366430261,
      "youden_index": 0.9524294360540755,
      "tp": 208,
      "fp": 2,
      "fn": 5,
      "tn": 81
    },
    {
      "threshold": 0.4000000000000001,
      "recall": 0.9765258215962441,
      "precision": 0.9904761904761905,
      "specificity": 0.9759036144578314,
      "f1": 0.9834515366430261,
      "youden_index": 0.9524294360540755,
      "tp": 208,
      "fp": 2,
      "fn": 5,
      "tn": 81
    },
    {
      "threshold": 0.4250000000000001,
      "recall": 0.9765258215962441,
      "precision": 0.9904761904761905,
      "specificity": 0.9759036144578314,
      "f1": 0.9834515366430261,
      "youden_index": 0.9524294360540755,
      "tp": 208,
      "fp": 2,
      "fn": 5,
      "tn": 81
    },
    {
      "threshold": 0.4500000000000001,
      "recall": 0.971830985915493,
      "precision": 0.9904306220095693,
      "specificity": 0.9759036144578314,
      "f1": 0.981042654028436,
      "youden_index": 0.9477346003733245,
      "tp": 207,
      "fp": 2,
      "fn": 6,
      "tn": 81
    },
    {
      "threshold": 0.47500000000000014,
      "recall": 0.971830985915493,
      "precision": 0.9904306220095693,
      "specificity": 0.9759036144578314,
      "f1": 0.981042654028436,
      "youden_index": 0.9477346003733245,
      "tp": 207,
      "fp": 2,
      "fn": 6,
      "tn": 81
    },
    {
      "threshold": 0.5000000000000002,
      "recall": 0.971830985915493,
      "precision": 0.9904306220095693,
      "specificity": 0.9759036144578314,
      "f1": 0.981042654028436,
      "youden_index": 0.9477346003733245,
      "tp": 207,
      "fp": 2,
      "fn": 6,
      "tn": 81
    },
    {
      "threshold": 0.5250000000000001,
      "recall": 0.971830985915493,
      "precision": 0.9951923076923077,
      "specificity": 0.9879518072289156,
      "f1": 0.983372921615202,
      "youden_index": 0.9597827931444085,
      "tp": 207,
      "fp": 1,
      "fn": 6,
      "tn": 82
    },
    {
      "threshold": 0.5500000000000003,
      "recall": 0.9671361502347418,
      "precision": 0.9951690821256038,